{"_wandb":{"runtime":3485},"_timestamp":1.751038238266876e+09,"_runtime":3455.208203,"_step":99,"val_loss":1.982358638048172,"lr":1.2586440420372935e-07,"iter":19800}