{"_step":0,"val_loss":9.25503960609436,"lr":0,"iter":0,"_timestamp":1.751032937683466e+09,"_wandb":{"runtime":54},"_runtime":13.259409}