{"_timestamp":1.751030622630504e+09,"_runtime":7.414651,"_step":0,"val_loss":9.258224267959594,"lr":0,"_wandb":{"runtime":25},"iter":0}