{"val_loss":9.264173498153687,"lr":0,"iter":0,"_timestamp":1.7510303207199519e+09,"_wandb":{"runtime":10},"_runtime":10.399593,"_step":0}