{"iter":19800,"_timestamp":1.751032711060142e+09,"_runtime":1904.022789,"_step":99,"_wandb":{"runtime":1921},"val_loss":2.085076117515564,"lr":1.2586440420372935e-07}