{"_step":1,"val_loss":3.5802495861053467,"lr":0.0005,"iter":200,"_timestamp":1.7510332726321862e+09,"_runtime":281.186029,"_wandb":{"runtime":450}}