{"_timestamp":1.7510328178870342e+09,"_runtime":47.466658,"_step":2,"val_loss":3.5140634322166444,"_wandb":{"runtime":54},"lr":0.0004998741355957963,"iter":400}