{"lr":0.0004790271143580174,"_wandb":{"runtime":903},"iter":1400,"_timestamp":1.751034575016287e+09,"_runtime":884.321374,"_step":7,"val_loss":2.4533391427993774}